sentence,word,explanation,first_new_sentence,second_new_sentence
1. **Joke**: My wife just woke me up to tell me... wait. june is over? you must be... julying.,,,,
   - **Word**: Julying,,,,
"   - **Explanation**: Julying is a play on the word july, representing both the month and as a pun on lying.",,,,
   - **First new sentence**: The month of July is known for its warm weather and summer festivities.,,,,
   - **Second new sentence**: He was caught julying about his whereabouts last night.,,,,
2. **Joke**: Why was the password a bad attorney? he was case sensitive!,,,,
   - **Word**: Case,,,,
   - **Explanation**: Case refers to both a legal case and letters being uppercase or lowercase (case-sensitive).,,,,
   - **First new sentence**: The lawyer presented a strong case to the jury.,,,,
   - **Second new sentence**: Please make sure your documents are in upper and lower case as required for submission.,,,,
3. **Joke**: What do a feminist and a broken atm have in common? they both cant make any change.,,,,
   - **Word**: Change,,,,
   - **Explanation**: Change refers to coins/currency and the act of making a difference or alteration.,,,,
   - **First new sentence**: The change from the vending machine was not enough to buy a snack.,,,,
   - **Second new sentence**: Its important to advocate for change in societal norms.,,,,
4. **Joke**: What do you call a politically powerful shrub in jamaica? a hegemon.,,,,
   - **Word**: Hegemon,,,,
"   - **Explanation**: Hegemon refers to a leading or dominant force or partner, and it also plays with the idea of a home (an informal term for a small plant).",,,,
"   - **First new sentence**: The country emerged as a hegemon in the region, influencing many others.",,,,
   - **Second new sentence**: The small hegemon in the garden thrived despite the harsh weather conditions.,,,,
5. **Joke**: What do you call a pig that knows karate? a pork chop.,,,,
   - **Word**: Chop,,,,
   - **Explanation**: Chop means to cut (as in meat) and it also refers to a martial arts move.,,,,
   - **First new sentence**: I bought some pork chop for dinner tonight.,,,,
   - **Second new sentence**: She delivered a swift chop to the board during her karate practice.,,,,
The results formatted in CSV are as follows:,,,,
My wife just woke me up to tell me... wait. june is over? you must be... julying., Julying," Julying is a play on the word july, representing both the month and as a pun on lying.", The month of July is known for its warm weather and summer festivities., He was caught julying about his whereabouts last night.
Why was the password a bad attorney? he was case sensitive!, Case, Case refers to both a legal case and letters being uppercase or lowercase (case-sensitive)., The lawyer presented a strong case to the jury., Please make sure your documents are in upper and lower case as required for submission.
What do a feminist and a broken atm have in common? they both cant make any change., Change, Change refers to coins/currency and the act of making a difference or alteration., The change from the vending machine was not enough to buy a snack., Its important to advocate for change in societal norms.
What do you call a politically powerful shrub in jamaica? a hegemon., Hegemon," Hegemon refers to a leading or dominant force or partner, and it also plays with the idea of a home (an informal term for a small plant)."," The country emerged as a hegemon in the region, influencing many others.", The small hegemon in the garden thrived despite the harsh weather conditions.
What do you call a pig that knows karate? a pork chop., Chop, Chop means to cut (as in meat) and it also refers to a martial arts move., I bought some pork chop for dinner tonight., She delivered a swift chop to the board during her karate practice.
